{
  "БФУ им. И.Канта, Невского 14, Калининград": [
    54.72472921391151,
    20.527400703433962
  ],
  "Soul Garden, Верхнеозерная 2а, Калининград": [
    54.730054,
    20.519067
  ],
  "СКЛАД, Ялтинская 20п, Калининград": [
    54.705610184328,
    20.544408541426
  ],
  "Barn, Каштановая аллея 1а, Калининград": [
    54.710073212492,
    20.467264438266
  ],
  "Universal, Мира 41-43, Калининград": [
    54.7206945,
    20.4830228
  ],
  "Сёрф-станция Рассвет, пляж Пионерского, Портовая 1ж, Калининград": [
    54.9547136708749,
    20.21803670360236
  ],
  "Янтарь-Холл, Светлогорск, Ленина 11": [
    54.944293,
    20.1488114
  ],
  "Филиал Третьяковской галереи в Калининграде, Парадная набережная 3": [
    53.1902778,
    50.0928844
  ],
  "Мушкино, Сергеева 14, Калининград": [
    54.7198805,
    20.5191348
  ],
  "Вход через клуб Universal, Мира 41-43, Калининград": [
    54.7206945,
    20.4830228
  ],
  "Сигнал, Леонова 22, Калининград": [
    54.725808288807215,
    20.482095968506528
  ],
  "Форма, Гаражная 2б, Калининград": [
    54.724125,
    20.504923
  ],
  "Театр-школа 217, Чайковского 5, Калининград": [
    54.723755202593,
    20.497077107661
  ],
  "Ельцин, Гаражная 2, Калининград": [
    54.7245038,
    20.5061209
  ]
}