{
  "БФУ им. И.Канта, Невского 14, Калининград": [
    54.72472921391151,
    20.527400703433962
  ],
  "Soul Garden, Верхнеозерная 2а, Калининград": [
    54.730054,
    20.519067
  ],
  "СКЛАД, Ялтинская 20п, Калининград": [
    54.705610184328,
    20.544408541426
  ],
  "Barn, Каштановая аллея 1а, Калининград": [
    54.710073212492,
    20.467264438266
  ],
  "Universal, Мира 41-43, Калининград": [
    54.7206945,
    20.4830228
  ],
  "Сёрф-станция Рассвет, пляж Пионерского, Портовая 1ж, Калининград": [
    54.9547136708749,
    20.21803670360236
  ],
  "Янтарь-Холл, Светлогорск, Ленина 11": [
    54.944293,
    20.1488114
  ],
  "Филиал Третьяковской галереи в Калининграде, Парадная набережная 3": [
    53.1902778,
    50.0928844
  ],
  "Мушкино, Сергеева 14, Калининград": [
    54.7198805,
    20.5191348
  ],
  "Вход через клуб Universal, Мира 41-43, Калининград": [
    54.7206945,
    20.4830228
  ],
  "Сигнал, Леонова 22, Калининград": [
    54.725808288807215,
    20.482095968506528
  ],
  "Форма, Гаражная 2б, Калининград": [
    54.724125,
    20.504923
  ],
  "Театр-школа 217, Чайковского 5, Калининград": [
    54.723755202593,
    20.497077107661
  ],
  "Ельцин, Гаражная 2, Калининград": [
    54.7245038,
    20.5061209
  ],
  "Вагонка, Станочная 12, Калининград": [
    54.7120709,
    20.453505
  ],
  "Горького 166, Калининград": [
    54.747863483963,
    20.502079008381
  ],
  "Видеосалон / Плохой Охотник, Ленинский 18 к1, Калининград": [
    54.713732416143,
    20.505445767429
  ],
  "Суспирия, Коперника 21, Калининград": [
    54.710566319856,
    20.504079014298
  ],
  "Лондон, Мира 33, Калининград": [
    54.7204339,
    20.4831248
  ],
  "Океан, Театральная 35, Калининград": [
    54.717586205675,
    20.497152041875
  ],
  "Африка, Мира 106, Калининград": [
    54.722110212185,
    20.468461206401
  ],
  "Bus Station, Генделя 3а, Калининград": [
    54.721737385132,
    20.496573271461
  ],
  "озеро Узкое, Калининград": [
    54.7180917,
    20.4971787
  ],
  "Депо, Каштановая аллея 1а (бывший Art Cluster), Калининград": [
    54.710073212492,
    20.467264438266
  ],
  "Склад, Ялтинская 20п, Калининград": [
    54.705610184328,
    20.544408541426
  ],
  "Дом китобоя, Мира 9, Калининград": [
    54.7194415,
    20.4952486
  ],
  "Заря, Мира 41-43, Калининград": [
    54.7205379,
    20.4839129
  ],
  "Филармония, Хмельницкого 61а, Калининград": [
    54.697917692688,
    20.509634958817
  ],
  "Пармезан, Карла Маркса 18, Калининград": [
    54.7287203,
    20.4808042
  ],
  "Бастион, Дзержинского 31в, Калининград": [
    54.696678270118,
    20.52410078311
  ],
  "Heart Rock Bar, Советский 21a, Калининград": [
    54.727238009091,
    20.493202824375
  ],
  "Dreadnought, Генделя 5, Калининград": [
    54.7218613,
    20.495918
  ],
  "Old School Bar, Геологическая 1, Калининград": [
    54.714161779133,
    20.500955917174
  ],
  "Семёрка, Мира 31, Калининград": [
    54.719679585993,
    20.484793428557
  ],
  "Геркулес, банкетный зал, Мира 105, Калининград": [
    54.720975,
    20.456003
  ],
  "Бар Sovetov, Мира 118, Калининград": [
    54.722776573098,
    20.465626721732
  ],
  "Заря, колонный зал, Мира 41-43, Калининград": [
    54.7205379,
    20.4839129
  ],
  "Казармы Кронпринц, Литовский вал 38, Калининград": [
    54.7171932,
    20.5320629
  ],
  "Home, Белый зал, Каштановая Аллея 1а, Калининград": [
    54.710073212492,
    20.467264438266
  ],
  "Кафедральный собор, ул. Канта, 1, Калининград": [
    54.7065269,
    20.5115571
  ],
  "Культурное место, Остров Канта, под мостом, Калининград": [
    54.7180917,
    20.4971787
  ],
  "Видеосалон, Ленинский 18б, Калининград": [
    54.713503213,
    20.504708579045
  ],
  "Бар Советов, Мира 118, Калининград": [
    54.722776573098,
    20.465626721732
  ],
  "Heart Rock Bar, Советский 21а, Калининград": [
    54.727238009091,
    20.493202824375
  ],
  "DOUBLE W, Мира 31, 4 этаж, Калининград": [
    54.719679585993,
    20.484793428557
  ],
  "Бар Dreadnought, Генделя 5, Калининград": [
    54.7218613,
    20.495918
  ],
  "Ростех Арена, Солнечный бульвар 25, Калининград": [
    54.697131009166,
    20.531751867631
  ],
  "Сигнал, Космонавта Леонова 22, Калининград": [
    54.725838817994,
    20.482217166797
  ],
  "Бар Краны и стаканы, Брамса 40, Калининград": [
    54.7262672,
    20.4943453
  ],
  "HUMAN concept, Захарова 1, Калининград": [
    54.7180917,
    20.4971787
  ],
  "Бар Место силы, Галицкого 18, Калининград": [
    54.714207,
    20.4967406
  ],
  "Музей Дом китобоя, Мира 9, Калининград": [
    54.7194415,
    20.4952486
  ],
  "Чит&нтано, Чайковского 10а, Калининград": [
    54.723903018601,
    20.496703424189
  ],
  "Кафедральный собор, малый зал, Калининград": [
    54.7064365,
    20.5118981
  ],
  "Винный Факультет, Гаражная 2а, Калининград": [
    54.724464185873,
    20.505119627577
  ],
  "Secret Place, Калининград": [
    54.7180917,
    20.4971787
  ],
  "Уральская 18, 4 этаж, лекторий, Калининград": [
    54.724708015437,
    20.502231726657
  ],
  "Толстовка, Комсомольская 17, Калининград": [
    54.723174713889,
    20.47851353906
  ],
  "Видеосалон, Ленинском 18б, Калининград": [
    54.713503213,
    20.504708579045
  ],
  "Культурное место (под мостом), Остров Канта, Калининград": [
    54.7180917,
    20.4971787
  ],
  "Дом, Ялтинская 66, корпус 11, Калининград": [
    54.704579419785,
    20.553940022622
  ],
  "Грёза-Хутор, Тихомировка, Калининград": [
    54.7180917,
    20.4971787
  ],
  "Краны и стаканы, Брамса 40, Калининград": [
    54.7262672,
    20.4943453
  ],
  "Место силы, Галицкого 18, Калининград": [
    54.714207,
    20.4967406
  ],
  "[club211641874|Форма], Гаражная 2б, Калининград": [
    54.724125,
    20.504923
  ],
  "Бэкъярд, Бассейна 81, Калининград": [
    54.729219700549,
    20.45060750118
  ],
  "Усадьба, Орловка, Заречная 8, Калининград": [
    54.675074911059,
    20.561177796014
  ],
  "ТРЦ Балтия Молл, Приморское кольцо, 2, Калининград": [
    54.7180917,
    20.4971787
  ],
  "Королевский парк, карту прилагаем, Калининград": [
    55.91417,
    37.82556
  ],
  "Железнодорожные ворота, Гвардейский проспект 51а, Калининград": [
    54.710309917438,
    20.491058565905
  ],
  "+ВАЙБ, Черняховского 14а, Калининград": [
    54.719380100593,
    20.505678532881
  ],
  "Busstation, Генделя 3а, Калининград": [
    54.721737385132,
    20.496573271461
  ],
  "Лекторий Креспективы, Уральская 18, 4 этаж, Калининград": [
    54.724708015437,
    20.502231726657
  ],
  "Музей изобразительных искусств, Ленинский 83, Калининград": [
    54.705139,
    20.506779
  ],
  "Понарт, Судостроительная 6, Калининград": [
    54.681126896609,
    20.487309172976
  ],
  "Центральный вход в чёрный зал пространства Home, Каштановая аллея 1а, Калининград": [
    54.710073212492,
    20.467264438266
  ],
  "Третьяковка в Калининграде, Парадная набережная 3": [
    54.750841783709,
    20.440520802718
  ],
  "Видеосалон, Ленинский 18к1, Калининград": [
    54.713760914613,
    20.504639512163
  ],
  "Yalta, Ялтинская 66, Калининград": [
    54.7044005,
    20.5543155
  ],
  "Янтарь Холл, Ленина 11, Калининград": [
    54.6813008,
    20.4839887
  ],
  "Тёрка Hall, пл. Победы 4, 1 подъезд, Калининград": [
    54.720850412138,
    20.499784127111
  ],
  "Железнодорожные ворота, Гвардейский 51а, Калининград": [
    54.710309917438,
    20.491058565905
  ],
  "Мастерская JOYU, Советский 16, 4 этаж, 424 кабинет, Калининград": [
    54.72393210266,
    20.498860189923
  ],
  "Видеосалон / Плохой охотник, Ленинский 18к1, Калининград": [
    54.713760914613,
    20.504639512163
  ]
}